{
    "loss": 13.06473445892334,
    "accuracy": 0.5686274766921997
}