{
    "loss": 25.414409637451172,
    "accuracy": 0.5686274766921997
}